caseNum,pDF
1,Old Notes Case 001.pdf
2,Old Notes Case 002.pdf
3,Old Notes Case 003.pdf
4,Old Notes Case 004.pdf
5,Old Notes Case 005.pdf
6,Old Notes Case 006.pdf
7,Old Notes Case 007.pdf
8,Old Notes Case 008.pdf
9,Old Notes Case 009.pdf
10,Old Notes Case 010.pdf
11,Old Notes Case 011.pdf
12,Old Notes Case 012.pdf
13,Old Notes Case 013.pdf
14,Old Notes Case 014.pdf
15,Old Notes Case 015.pdf
16,Old Notes Case 016.pdf
17,Old Notes Case 017.pdf
18,Old Notes Case 018.pdf
19,Old Notes Case 019.pdf
20,Old Notes Case 020.pdf
21,Old Notes Case 021.pdf
22,Old Notes Case 022.pdf
23,Old Notes Case 023.pdf
25,Old Notes Case 025.pdf
26,Old Notes Case 026.pdf
28,Old Notes Case 028.pdf
29,Old Notes Case 029.pdf
30,Old Notes Case 030.pdf
31,Old Notes Case 031.pdf
32,Old Notes Case 032.pdf
33,Old Notes Case 033.pdf
34,Old Notes Case 034.pdf
35,Old Notes Case 035.pdf
36,Old Notes Case 036.pdf
37,Old Notes Case 037.pdf
38,Old Notes Case 038.pdf
39,Old Notes Case 039.pdf
40,Old Notes Case 040.pdf
41,Old Notes Case 041.pdf
42,Old Notes Case 042.pdf
44,Old Notes Case 044.pdf
45,Old Notes Case 045.pdf
46,Old Notes Case 046.pdf
48,Old Notes Case 048.pdf
49,Old Notes Case 049.pdf
51,Old Notes Case 051.pdf
53,Old Notes Case 053.pdf
54,Old Notes Case 054.pdf
55,Old Notes Case 055.pdf
56,Old Notes Case 056.pdf
57,Old Notes Case 057.pdf
58,Old Notes Case 058.pdf
59,Old Notes Case 059.pdf
60,Old Notes Case 060.pdf
61,Old Notes Case 061.pdf
62,Old Notes Case 062.pdf
63,Old Notes Case 063.pdf
64,Old Notes Case 064.pdf
65,Old Notes Case 065.pdf
66,Old Notes Case 066.pdf
67,Old Notes Case 067.pdf
68,Old Notes Case 068.pdf
69,Old Notes Case 069.pdf
70,Old Notes Case 070.pdf
71,Old Notes Case 071.pdf
73,Old Notes Case 073.pdf
75,Old Notes Case 075.pdf
76,Old Notes Case 076.pdf
78,Old Notes Case 078.pdf
79,Old Notes Case 079.pdf
80,Old Notes Case 080.pdf
81,Old Notes Case 081.pdf
82,Old Notes Case 082.pdf
83,Old Notes Case 083.pdf
84,Old Notes Case 084.pdf
85,Old Notes Case 085.pdf
86,Old Notes Case 086.pdf
87,Old Notes Case 087.pdf
88,Old Notes Case 088.pdf
89,Old Notes Case 089.pdf
90,Old Notes Case 090.pdf
91,Old Notes Case 091.pdf
92,Old Notes Case 092.pdf
93,Old Notes Case 093.pdf
94,Old Notes Case 094.pdf
95,Old Notes Case 095.pdf
96,Old Notes Case 096.pdf
97,Old Notes Case 097.pdf
98,Old Notes Case 098.pdf
99,Old Notes Case 099.pdf
100,Old Notes Case 100.pdf
101,Old Notes Case 101.pdf
102,Old Notes Case 102.pdf
103,Old Notes Case 103.pdf
104,Old Notes Case 104.pdf
106,Old Notes Case 106.pdf
107,Old Notes Case 107.pdf
108,Old Notes Case 108.pdf
109,Old Notes Case 109.pdf
110,Old Notes Case 110.pdf
112,Old Notes Case 112.pdf
113,Old Notes Case 113.pdf
114,Old Notes Case 114.pdf
115,Old Notes Case 115.pdf
116,Old Notes Case 116.pdf
117,Old Notes Case 117.pdf
118,Old Notes Case 118.pdf
119,Old Notes Case 119.pdf
120,Old Notes Case 120.pdf
121,Old Notes Case 121.pdf
122,Old Notes Case 122.pdf
123,Old Notes Case 123.pdf
124,Old Notes Case 124.pdf
125,Old Notes Case 125.pdf
126,Old Notes Case 126.pdf
127,Old Notes Case 127.pdf
128,Old Notes Case 128.pdf
129,Old Notes Case 129.pdf
130,Old Notes Case 130.pdf
131,Old Notes Case 131.pdf
132,Old Notes Case 132.pdf
134,Old Notes Case 134.pdf
136,Old Notes Case 136.pdf
138,Old Notes Case 138.pdf
139,Old Notes Case 139.pdf
140,Old Notes Case 140.pdf
141,Old Notes Case 141.pdf
142,Old Notes Case 142.pdf
143,Old Notes Case 143.pdf
144,Old Notes Case 144.pdf
145,Old Notes Case 145.pdf
146,Old Notes Case 146.pdf
147,Old Notes Case 147.pdf
148,Old Notes Case 148.pdf
149,Old Notes Case 149.pdf
150,Old Notes Case 150.pdf
151,Old Notes Case 151.pdf
152,Old Notes Case 152.pdf
153,Old Notes Case 153.pdf
154,Old Notes Case 154.pdf
155,Old Notes Case 155.pdf
156,Old Notes Case 156.pdf
157,Old Notes Case 157.pdf
158,Old Notes Case 158.pdf
159,Old Notes Case 159.pdf
160,Old Notes Case 160.pdf
161,Old Notes Case 161.pdf
162,Old Notes Case 162.pdf
163,Old Notes Case 163.pdf
164,Old Notes Case 164.pdf
166,Old Notes Case 166.pdf
167,Old Notes Case 167.pdf
168,Old Notes Case 168.pdf
169,Old Notes Case 169.pdf
170,Old Notes Case 170.pdf
171,Old Notes Case 171.pdf
172,Old Notes Case 172.pdf
173,Old Notes Case 173.pdf
174,Old Notes Case 174.pdf
175,Old Notes Case 175.pdf
176,Old Notes Case 176.pdf
177,Old Notes Case 177.pdf
178,Old Notes Case 178.pdf
179,Old Notes Case 179.pdf
180,Old Notes Case 180.pdf
181,Old Notes Case 181.pdf
182,Old Notes Case 182.pdf
183,Old Notes Case 183.pdf
184,Old Notes Case 184.pdf
186,Old Notes Case 186.pdf
187,Old Notes Case 187.pdf
188,Old Notes Case 188.pdf
189,Old Notes Case 189.pdf
190,Old Notes Case 190.pdf
191,Old Notes Case 191.pdf
192,Old Notes Case 192.pdf
193,Old Notes Case 193.pdf
194,Old Notes Case 194.pdf
195,Old Notes Case 195.pdf
196,Old Notes Case 196.pdf
197,Old Notes Case 197.pdf
198,Old Notes Case 198.pdf
199,Old Notes Case 199.pdf
200,Old Notes Case 200.pdf
201,Old Notes Case 201.pdf
202,Old Notes Case 202.pdf
203,Old Notes Case 203.pdf
205,Old Notes Case 205.pdf
207,Old Notes Case 207.pdf
208,Old Notes Case 208.pdf
209,Old Notes Case 209.pdf
211,Old Notes Case 211.pdf
212,Old Notes Case 212.pdf
213,Old Notes Case 213.pdf
214,Old Notes Case 214.pdf
215,Old Notes Case 215.pdf
216,Old Notes Case 216.pdf
217,Old Notes Case 217.pdf
218,Old Notes Case 218.pdf
219,Old Notes Case 219.pdf
220,Old Notes Case 220.pdf
221,Old Notes Case 221.pdf
222,Old Notes Case 222.pdf
223,Old Notes Case 223.pdf
225,Old Notes Case 225.pdf
226,Old Notes Case 226.pdf
227,Old Notes Case 227.pdf
228,Old Notes Case 228.pdf
231,Old Notes Case 231.pdf
233,Old Notes Case 233.pdf
234,Old Notes Case 234.pdf
235,Old Notes Case 235.pdf
236,Old Notes Case 236.pdf
237,Old Notes Case 237.pdf
238,Old Notes Case 238.pdf
239,Old Notes Case 239.pdf
240,Old Notes Case 240.pdf
241,Old Notes Case 241.pdf
242,Old Notes Case 242.pdf
243,Old Notes Case 243.pdf
244,Old Notes Case 244.pdf
245,Old Notes Case 245.pdf
246,Old Notes Case 246.pdf
248,Old Notes Case 248.pdf
249,Old Notes Case 249.pdf
250,Old Notes Case 250.pdf
251,Old Notes Case 251.pdf
253,Old Notes Case 253.pdf
254,Old Notes Case 254.pdf
256,Old Notes Case 256.pdf
257,Old Notes Case 257.pdf
258,Old Notes Case 258.pdf
260,Old Notes Case 260.pdf
261,Old Notes Case 261.pdf
262,Old Notes Case 262.pdf
264,Old Notes Case 264.pdf
265,Old Notes Case 265.pdf
266,Old Notes Case 266.pdf
267,Old Notes Case 267.pdf
268,Old Notes Case 268.pdf
269,Old Notes Case 269.pdf
270,Old Notes Case 270.pdf
271,Old Notes Case 271.pdf
272,Old Notes Case 272.pdf
273,Old Notes Case 273.pdf
274,Old Notes Case 274.pdf
276,Old Notes Case 276.pdf
277,Old Notes Case 277.pdf
278,Old Notes Case 278.pdf
279,Old Notes Case 279.pdf
280,Old Notes Case 280.pdf
282,Old Notes Case 282.pdf
283,Old Notes Case 283.pdf
284,Old Notes Case 284.pdf
285,Old Notes Case 285.pdf
286,Old Notes Case 286.pdf
287,Old Notes Case 287.pdf
288,Old Notes Case 288.pdf
289,Old Notes Case 289.pdf
290,Old Notes Case 290.pdf
291,Old Notes Case 291.pdf
292,Old Notes Case 292.pdf
293,Old Notes Case 293.pdf
294,Old Notes Case 294.pdf
295,Old Notes Case 295.pdf
296,Old Notes Case 296.pdf
298,Old Notes Case 298.pdf
299,Old Notes Case 299.pdf
300,Old Notes Case 300.pdf
301,Old Notes Case 301.pdf
302,Old Notes Case 302.pdf
303,Old Notes Case 303.pdf
304,Old Notes Case 304.pdf
305,Old Notes Case 305.pdf
306,Old Notes Case 306.pdf
307,Old Notes Case 307.pdf
308,Old Notes Case 308.pdf
309,Old Notes Case 309.pdf
310,Old Notes Case 310.pdf
311,Old Notes Case 311.pdf
312,Old Notes Case 312.pdf
313,Old Notes Case 313.pdf
314,Old Notes Case 314.pdf
315,Old Notes Case 315.pdf
316,Old Notes Case 316.pdf
317,Old Notes Case 317.pdf
318,Old Notes Case 318.pdf
319,Old Notes Case 319.pdf
320,Old Notes Case 320.pdf
321,Old Notes Case 321.pdf
322,Old Notes Case 322.pdf
323,Old Notes Case 323.pdf
324,Old Notes Case 324.pdf
325,Old Notes Case 325.pdf
326,Old Notes Case 326.pdf
327,Old Notes Case 327.pdf
328,Old Notes Case 328.pdf
329,Old Notes Case 329.pdf
330,Old Notes Case 330.pdf
331,Old Notes Case 331.pdf
332,Old Notes Case 332.pdf
333,Old Notes Case 333.pdf
334,Old Notes Case 334.pdf
335,Old Notes Case 335.pdf
336,Old Notes Case 336.pdf
337,Old Notes Case 337.pdf
338,Old Notes Case 338.pdf
339,Old Notes Case 339.pdf
341,Old Notes Case 341.pdf
342,Old Notes Case 342.pdf
343,Old Notes Case 343.pdf
344,Old Notes Case 344.pdf
345,Old Notes Case 345.pdf
346,Old Notes Case 346.pdf
347,Old Notes Case 347.pdf
348,Old Notes Case 348.pdf
349,Old Notes Case 349.pdf
350,Old Notes Case 350.pdf
351,Old Notes Case 351.pdf
352,Old Notes Case 352.pdf
353,Old Notes Case 353.pdf
354,Old Notes Case 354.pdf
355,Old Notes Case 355.pdf
357,Old Notes Case 357.pdf
358,Old Notes Case 358.pdf
359,Old Notes Case 359.pdf
360,Old Notes Case 360.pdf
361,Old Notes Case 361.pdf
362,Old Notes Case 362.pdf
363,Old Notes Case 363.pdf
364,Old Notes Case 364.pdf
365,Old Notes Case 365.pdf
366,Old Notes Case 366.pdf
367,Old Notes Case 367.pdf
368,Old Notes Case 368.pdf
369,Old Notes Case 369.pdf
370,Old Notes Case 370.pdf
371,Old Notes Case 371.pdf
372,Old Notes Case 372.pdf
373,Old Notes Case 373.pdf
374,Old Notes Case 374.pdf
375,Old Notes Case 375.pdf
376,Old Notes Case 376.pdf
377,Old Notes Case 377.pdf
378,Old Notes Case 378.pdf
379,Old Notes Case 379.pdf
380,Old Notes Case 380.pdf
381,Old Notes Case 381.pdf
382,Old Notes Case 382.pdf
383,Old Notes Case 383.pdf
384,Old Notes Case 384.pdf
385,Old Notes Case 385.pdf
386,Old Notes Case 386.pdf
415,Old Notes Case 415.pdf
430,Old Notes Case 430.pdf
431,Old Notes Case 431.pdf
466,Old Notes Case 466.pdf
500,Old Notes Case 500.pdf
504,Old Notes Case 504.pdf
549,Old Notes Case 549.pdf
556,Old Notes Case 556.pdf
565,Old Notes Case 565.pdf
567,Old Notes Case 567.pdf
